[{"id":2772205114,"isFolder":true,"title":"iceberg","status":2,"order":null,"dateCreated":null,"dateUpdated":null,"folderId":null},{"id":94437409,"status":2,"title":"Blog Template","order":1,"templateKey":"blog","customTemplate":false,"customTemplateFilename":null,"pageLinks":[],"dateCreated":"2023-08-07T20:25:09.985Z","dateUpdated":"2023-08-07T20:25:12.031Z","folderId":null,"pageName":"Blog Template"},{"id":1373229069,"status":2,"title":"Post Template","order":2,"templateKey":"post","customTemplate":false,"customTemplateFilename":null,"pageLinks":[],"dateCreated":"2023-08-07T20:25:10.249Z","dateUpdated":"2023-08-07T20:25:12.079Z","folderId":null,"pageName":"Post Template"},{"id":66036543,"status":2,"title":"Product List Template","order":3,"templateKey":"products","customTemplate":false,"customTemplateFilename":null,"pageLinks":[],"dateCreated":"2023-08-07T20:25:10.449Z","dateUpdated":"2023-08-07T20:25:12.104Z","folderId":null,"pageName":"Product List Template"},{"id":218714182,"status":2,"title":"Product Details Template","order":4,"templateKey":"product","customTemplate":false,"customTemplateFilename":null,"pageLinks":[],"dateCreated":"2023-08-07T20:25:10.669Z","dateUpdated":"2023-08-07T20:25:12.130Z","folderId":null,"pageName":"Product Details Template"},{"id":54318291,"status":2,"title":"Shopping Cart Template","order":5,"templateKey":"cart","customTemplate":false,"customTemplateFilename":null,"pageLinks":[],"dateCreated":"2023-08-07T20:25:10.882Z","dateUpdated":"2023-08-07T20:25:12.160Z","folderId":null,"pageName":"Shopping Cart Template"},{"id":45963667,"status":2,"title":"Checkout Template","order":6,"templateKey":"checkout","customTemplate":false,"customTemplateFilename":null,"pageLinks":[],"dateCreated":"2023-08-07T20:25:11.189Z","dateUpdated":"2023-08-07T20:25:12.181Z","folderId":null,"pageName":"Checkout Template"},{"id":132941028,"status":2,"title":"Login Template","order":7,"templateKey":"login","customTemplate":false,"customTemplateFilename":null,"pageLinks":[],"dateCreated":"2023-08-07T20:25:11.329Z","dateUpdated":"2023-08-07T20:25:12.224Z","folderId":null,"pageName":"Login Template"},{"id":230928585,"status":2,"title":"Page Password Template","order":8,"templateKey":"password","customTemplate":false,"customTemplateFilename":null,"pageLinks":[],"dateCreated":"2023-08-07T20:25:11.419Z","dateUpdated":"2023-08-07T20:25:12.248Z","folderId":null,"pageName":"Page Password Template"},{"id":982218226,"status":2,"title":"404 Not Found Template","order":9,"templateKey":"404","customTemplate":false,"customTemplateFilename":null,"pageLinks":[],"dateCreated":"2023-08-07T20:25:11.507Z","dateUpdated":"2023-08-07T20:25:12.270Z","folderId":null,"pageName":"404 Not Found Template"},{"id":39012023,"status":2,"title":"Contacto","order":100,"templateKey":null,"customTemplate":false,"customTemplateFilename":null,"pageLinks":["1529600890"],"dateCreated":"2023-08-07T20:25:11.595Z","dateUpdated":"2023-08-08T05:07:07.804Z","folderId":2772205114,"pageName":"Contacto_39012023"},{"id":665025595,"status":2,"title":"Horarios","order":101,"templateKey":null,"customTemplate":false,"customTemplateFilename":null,"pageLinks":["1529600890"],"dateCreated":"2023-08-07T20:25:11.647Z","dateUpdated":"2023-08-15T17:24:24.021Z","folderId":2772205114,"pageName":"Horarios_665025595"},{"id":1529600890,"status":2,"title":"pagina Principal","order":103,"templateKey":null,"customTemplate":false,"customTemplateFilename":null,"pageLinks":["1529600890"],"dateCreated":"2023-08-07T21:10:29.047Z","dateUpdated":"2023-08-16T00:09:45.400Z","folderId":2772205114,"pageName":"pagina Principal_1529600890"},{"id":2852606900,"status":2,"title":"Sala de Arcade","order":105,"templateKey":null,"customTemplate":false,"customTemplateFilename":null,"pageLinks":["1529600890"],"dateCreated":"2023-08-08T04:29:32.837Z","dateUpdated":"2023-08-08T05:02:35.732Z","folderId":2772205114,"pageName":"Sala de Arcade_2852606900"},{"id":58893789,"status":2,"title":"Cancha Gel-Blaster","order":106,"templateKey":null,"customTemplate":false,"customTemplateFilename":null,"pageLinks":["1529600890"],"dateCreated":"2023-08-08T05:06:16.695Z","dateUpdated":"2023-08-08T05:16:23.650Z","folderId":2772205114,"pageName":"Cancha Gel-Blaster_58893789"},{"id":277430447,"status":2,"title":"Pista de Patinaje","order":107,"templateKey":null,"customTemplate":false,"customTemplateFilename":null,"pageLinks":["1529600890"],"dateCreated":"2023-08-08T05:19:43.878Z","dateUpdated":"2023-08-08T05:37:36.885Z","folderId":2772205114,"pageName":"Pista de Patinaje_277430447"},{"id":1876828522,"status":2,"title":"Cumpleaños","order":108,"templateKey":null,"customTemplate":false,"customTemplateFilename":null,"pageLinks":["1529600890"],"dateCreated":"2023-08-08T05:38:54.720Z","dateUpdated":"2023-08-14T18:52:46.572Z","folderId":2772205114,"pageName":"Cumpleaños_1876828522"},{"id":305805583,"status":2,"title":"Menu","order":109,"templateKey":null,"customTemplate":false,"customTemplateFilename":null,"pageLinks":["1529600890"],"dateCreated":"2023-08-08T18:18:33.793Z","dateUpdated":"2023-08-14T18:49:50.914Z","folderId":2772205114,"pageName":"Menu_305805583"}]